{
  "version": 7,
  "timestamp": "20250601_215023",
  "reward": -0.7721754130600964,
  "metrics": {
    "actor_loss": 0.002840580785414204,
    "critic_loss": 0.20522848856635392,
    "entropy": 2.0280198894441126,
    "clipfrac": 0.257177734375,
    "approx_kl": 0.02347992906579748,
    "value_function_explained_variance": 0.9224164839833975,
    "gradient_norm": 2.4284511232748627,
    "global_step_counter": 20480,
    "global_episode_counter": 80,
    "global_update_counter": 10,
    "collected_steps": 2048,
    "mean_reward": -0.7721754130600964,
    "std_reward": 1.8985903369435828,
    "mean_episode_length": 256.0,
    "num_episodes_in_rollout": 8,
    "rollout_time": 98.01314520835876,
    "steps_per_second": 20.8951564164818,
    "invalid_actions": 840,
    "update_iter": 10,
    "timestamp": 1748803823.105192
  },
  "source": "outputs/momentum_training_20250601_212240/models/checkpoint_iter10_mean_reward-0.7722.pt"
}