{
  "version": 12,
  "timestamp": "20250601_234548",
  "reward": -0.07544672185355901,
  "metrics": {
    "actor_loss": 0.006410738726845011,
    "critic_loss": 0.002443000905623194,
    "entropy": 1.806447584182024,
    "clipfrac": 0.401904296875,
    "approx_kl": 0.05397875726921484,
    "value_function_explained_variance": 0.7734723582863807,
    "gradient_norm": 1.1350606963038445,
    "global_step_counter": 38912,
    "global_episode_counter": 152,
    "global_update_counter": 19,
    "collected_steps": 2048,
    "mean_reward": -0.07544672185355901,
    "std_reward": 0.16492667403484504,
    "mean_episode_length": 256.0,
    "num_episodes_in_rollout": 8,
    "rollout_time": 103.53212594985962,
    "steps_per_second": 19.781299584168124,
    "invalid_actions": 1228,
    "update_iter": 19,
    "timestamp": 1748810748.372797
  },
  "source": "outputs/momentum_training_20250601_230324/models/checkpoint_iter19_mean_reward-0.0754.pt"
}