{
  "version": 64,
  "timestamp": "20250603_203636",
  "reward": -1.850439046307629,
  "metrics": {
    "actor_loss": 0.002087690718326485,
    "critic_loss": 0.16434418024437036,
    "entropy": 2.1741141509264708,
    "clipfrac": 0.54107666015625,
    "approx_kl": 0.060336846523568965,
    "value_function_explained_variance": 0.8624657774344087,
    "gradient_norm": 2.174421150935814,
    "global_step_counter": 2048,
    "global_episode_counter": 8,
    "global_update_counter": 1,
    "collected_steps": 2048,
    "mean_reward": -1.850439046307629,
    "std_reward": 1.1453485495252098,
    "mean_episode_length": 256.0,
    "num_episodes_in_rollout": 8,
    "rollout_time": 128.22983503341675,
    "steps_per_second": 15.971322114438426,
    "invalid_actions": 0,
    "update_iter": 1,
    "timestamp": 1748972196.574921
  },
  "source": "outputs/momentum_training_20250603_203128/models/checkpoint_iter1_mean_reward-1.8504.pt"
}