{
  "version": 9,
  "timestamp": "20250602_141900",
  "reward": -11.117767117052878,
  "metrics": {
    "actor_loss": 0.0013567785994382576,
    "critic_loss": 0.3535707630682737,
    "entropy": 2.250676316767931,
    "clipfrac": 0.505712890625,
    "approx_kl": 0.05432809568592347,
    "value_function_explained_variance": 0.7535091876983643,
    "gradient_norm": 3.150871802121401,
    "global_step_counter": 4096,
    "global_episode_counter": 16,
    "global_update_counter": 2,
    "collected_steps": 2048,
    "mean_reward": -11.117767117052878,
    "std_reward": 3.7150450141217926,
    "mean_episode_length": 256.0,
    "num_episodes_in_rollout": 8,
    "rollout_time": 392.9250292778015,
    "steps_per_second": 5.212190233246877,
    "invalid_actions": 230,
    "update_iter": 2,
    "timestamp": 1748863140.55735
  },
  "source": "outputs/momentum_training_20250602_134620/models/checkpoint_iter2_mean_reward-11.1178.pt"
}