{
  "version": 58,
  "timestamp": "20250603_190911",
  "reward": -2.0204152530570663,
  "metrics": {
    "actor_loss": 0.0007889266271376982,
    "critic_loss": 0.11955283612769563,
    "entropy": 2.1132149873301387,
    "clipfrac": 0.43011474609375,
    "approx_kl": 0.04019108580541797,
    "value_function_explained_variance": 0.865327573614195,
    "gradient_norm": 2.0969707993790507,
    "global_step_counter": 2048,
    "global_episode_counter": 8,
    "global_update_counter": 1,
    "collected_steps": 2048,
    "mean_reward": -2.0204152530570663,
    "std_reward": 2.672153301914654,
    "mean_episode_length": 256.0,
    "num_episodes_in_rollout": 8,
    "rollout_time": 150.83437490463257,
    "steps_per_second": 13.577806791687111,
    "invalid_actions": 0,
    "update_iter": 1,
    "timestamp": 1748966951.816759
  },
  "source": "outputs/momentum_training_20250603_190327/models/checkpoint_iter1_mean_reward-2.0204.pt"
}