{
  "version": 2,
  "timestamp": "20250601_180744",
  "reward": -Infinity,
  "metrics": {
    "actor_loss": 0.005131029151380062,
    "critic_loss": 18.207893139123918,
    "entropy": 2.345950071513653,
    "clipfrac": 0.320556640625,
    "approx_kl": 0.02773078777245246,
    "value_function_explained_variance": 0.7688837170600891,
    "gradient_norm": 64.9961001098156,
    "global_step_counter": 2048,
    "global_episode_counter": 8,
    "global_update_counter": 1,
    "collected_steps": 2048,
    "mean_reward": -60.89324597255759,
    "std_reward": 55.11236041892496,
    "mean_episode_length": 256.0,
    "num_episodes_in_rollout": 8,
    "rollout_time": 310.2271001338959,
    "steps_per_second": 6.601615394387115,
    "invalid_actions": 473,
    "update_iter": 1,
    "timestamp": 1748790464.772429
  },
  "source": "outputs/momentum_training_20250601_180029/models/checkpoint_iter1_reward-inf.pt"
}