{
  "version": 65,
  "timestamp": "20250603_205816",
  "reward": 1.9635528173645955,
  "metrics": {
    "actor_loss": 0.006468563607995748,
    "critic_loss": 0.3208065264916513,
    "entropy": 2.1923168804496527,
    "clipfrac": 0.52606201171875,
    "approx_kl": 0.04967082935763756,
    "value_function_explained_variance": 0.8672154839150608,
    "gradient_norm": 2.771233232691884,
    "global_step_counter": 14336,
    "global_episode_counter": 56,
    "global_update_counter": 7,
    "collected_steps": 2048,
    "mean_reward": 1.9635528173645955,
    "std_reward": 6.556186216873204,
    "mean_episode_length": 256.0,
    "num_episodes_in_rollout": 8,
    "rollout_time": 47.817582845687866,
    "steps_per_second": 42.82943382163631,
    "invalid_actions": 0,
    "update_iter": 7,
    "timestamp": 1748973496.40537
  },
  "source": "outputs/momentum_training_20250603_203128/models/checkpoint_iter7_mean_reward1.9636.pt"
}