{
  "version": 28,
  "timestamp": "20250602_232955",
  "reward": -0.08806621228970996,
  "metrics": {
    "actor_loss": -0.006189547711983323,
    "critic_loss": 0.22367268011439592,
    "entropy": 2.073603744804859,
    "clipfrac": 0.538720703125,
    "approx_kl": 0.11444277937407606,
    "value_function_explained_variance": 0.8334974160417914,
    "gradient_norm": 2.0570949485525487,
    "global_step_counter": 43008,
    "global_episode_counter": 168,
    "global_update_counter": 21,
    "collected_steps": 2048,
    "mean_reward": -0.08806621228970996,
    "std_reward": 5.000745271535013,
    "mean_episode_length": 256.0,
    "num_episodes_in_rollout": 8,
    "rollout_time": 50.289305686950684,
    "steps_per_second": 40.72436419680825,
    "invalid_actions": 0,
    "update_iter": 21,
    "timestamp": 1748896195.156647
  },
  "source": "outputs/momentum_training_20250602_223006/models/checkpoint_iter21_mean_reward-0.0881.pt"
}