{
  "version": 10,
  "timestamp": "20250602_154555",
  "reward": -2.3928941302583953,
  "metrics": {
    "actor_loss": -0.009942847193451598,
    "critic_loss": 0.27901628576219084,
    "entropy": 2.2139435067772864,
    "clipfrac": 0.55537109375,
    "approx_kl": 0.09426840755913872,
    "value_function_explained_variance": 0.8284267108887434,
    "gradient_norm": 2.67710240483284,
    "global_step_counter": 2048,
    "global_episode_counter": 8,
    "global_update_counter": 1,
    "collected_steps": 2048,
    "mean_reward": -2.3928941302583953,
    "std_reward": 4.130486498882715,
    "mean_episode_length": 256.0,
    "num_episodes_in_rollout": 8,
    "rollout_time": 481.380482673645,
    "steps_per_second": 4.254430899701546,
    "invalid_actions": 235,
    "update_iter": 1,
    "timestamp": 1748868355.35
  },
  "source": "outputs/momentum_training_20250602_153213/models/checkpoint_iter1_mean_reward-2.3929.pt"
}