{
  "version": 34,
  "timestamp": "20250603_010013",
  "reward": -2.6762722246289776,
  "metrics": {
    "actor_loss": 0.0029019813937338768,
    "critic_loss": 0.2107788778084796,
    "entropy": 2.126957803964615,
    "clipfrac": 0.50372314453125,
    "approx_kl": 0.039692630954959895,
    "value_function_explained_variance": 0.7758894660510123,
    "gradient_norm": 2.0238908433821052,
    "global_step_counter": 8192,
    "global_episode_counter": 32,
    "global_update_counter": 4,
    "collected_steps": 2048,
    "mean_reward": -2.6762722246289776,
    "std_reward": 2.341752032461668,
    "mean_episode_length": 256.0,
    "num_episodes_in_rollout": 8,
    "rollout_time": 41.886730909347534,
    "steps_per_second": 48.893765532391164,
    "invalid_actions": 0,
    "update_iter": 4,
    "timestamp": 1748901613.9588149
  },
  "source": "outputs/momentum_training_20250603_004819/models/checkpoint_iter4_mean_reward-2.6763.pt"
}