{
  "version": 6,
  "timestamp": "20250602_121932",
  "reward": -23.014279095024584,
  "metrics": {
    "actor_loss": -0.00310126714175567,
    "critic_loss": 1.4163394555449487,
    "entropy": 2.3292177699506285,
    "clipfrac": 0.573486328125,
    "approx_kl": 0.13460176102234983,
    "value_function_explained_variance": 0.4865158122032881,
    "gradient_norm": 6.1391653377562765,
    "global_step_counter": 2048,
    "global_episode_counter": 8,
    "global_update_counter": 1,
    "collected_steps": 2048,
    "mean_reward": -23.014279095024584,
    "std_reward": 8.5338896572565,
    "mean_episode_length": 256.0,
    "num_episodes_in_rollout": 8,
    "rollout_time": 278.4868507385254,
    "steps_per_second": 7.354027648231376,
    "invalid_actions": 239,
    "update_iter": 1,
    "timestamp": 1748855972.89626
  },
  "source": "outputs/momentum_training_20250602_120938/models/checkpoint_iter1_mean_reward-23.0143.pt"
}