{
  "version": 14,
  "timestamp": "20250601_235427",
  "reward": 0.018924666889496213,
  "metrics": {
    "actor_loss": -0.0022018437506631018,
    "critic_loss": 0.0006436783363824361,
    "entropy": 1.7629173904657365,
    "clipfrac": 0.357861328125,
    "approx_kl": 0.03696886793477461,
    "value_function_explained_variance": 0.75323301628232,
    "gradient_norm": 1.1513706393539906,
    "global_step_counter": 47104,
    "global_episode_counter": 184,
    "global_update_counter": 23,
    "collected_steps": 2048,
    "mean_reward": 0.018924666889496213,
    "std_reward": 0.050069962234345254,
    "mean_episode_length": 256.0,
    "num_episodes_in_rollout": 8,
    "rollout_time": 107.66635227203369,
    "steps_per_second": 19.02172737147674,
    "invalid_actions": 1091,
    "update_iter": 23,
    "timestamp": 1748811267.976606
  },
  "source": "outputs/momentum_training_20250601_230324/models/checkpoint_iter23_mean_reward0.0189.pt"
}