{
  "version": 16,
  "timestamp": "20250602_004513",
  "reward": -3.365235235033241,
  "metrics": {
    "actor_loss": -0.020009922451572494,
    "critic_loss": 0.011750719039991964,
    "entropy": 1.7107103630900382,
    "clipfrac": 0.40791015625,
    "approx_kl": 0.06395471277937759,
    "value_function_explained_variance": 0.5428076725453138,
    "gradient_norm": 0.9197559295222163,
    "global_step_counter": 2048,
    "global_episode_counter": 8,
    "global_update_counter": 1,
    "collected_steps": 2048,
    "mean_reward": -3.365235235033241,
    "std_reward": 0.9770000918298425,
    "mean_episode_length": 256.0,
    "num_episodes_in_rollout": 8,
    "rollout_time": 182.1186227798462,
    "steps_per_second": 11.245417787261227,
    "invalid_actions": 1064,
    "update_iter": 1,
    "timestamp": 1748814313.4225879
  },
  "source": "outputs/momentum_training_20250602_004003/models/checkpoint_iter1_mean_reward-3.3652.pt"
}