{
  "version": 32,
  "timestamp": "20250603_002210",
  "reward": -27.358575535928352,
  "metrics": {
    "actor_loss": 0.016619615875242744,
    "critic_loss": 25.07777765917126,
    "entropy": 2.080730683170259,
    "clipfrac": 0.6163330078125,
    "approx_kl": 0.10592289621126838,
    "value_function_explained_variance": 0.5983554350677878,
    "gradient_norm": 25.74604269536212,
    "global_step_counter": 2048,
    "global_episode_counter": 8,
    "global_update_counter": 1,
    "collected_steps": 2048,
    "mean_reward": -27.358575535928352,
    "std_reward": 38.115336659165486,
    "mean_episode_length": 256.0,
    "num_episodes_in_rollout": 8,
    "rollout_time": 130.82492184638977,
    "steps_per_second": 15.65450963849757,
    "invalid_actions": 0,
    "update_iter": 1,
    "timestamp": 1748899330.7227662
  },
  "source": "outputs/momentum_training_20250603_001656/models/checkpoint_iter1_mean_reward-27.3586.pt"
}