{
  "version": 8,
  "timestamp": "20250602_140932",
  "reward": -13.027567412765487,
  "metrics": {
    "actor_loss": 0.01656004003016278,
    "critic_loss": 0.5947703805752098,
    "entropy": 2.30301196873188,
    "clipfrac": 0.486962890625,
    "approx_kl": 0.07605444076762069,
    "value_function_explained_variance": 0.6627776509150862,
    "gradient_norm": 3.709145060181618,
    "global_step_counter": 2048,
    "global_episode_counter": 8,
    "global_update_counter": 1,
    "collected_steps": 2048,
    "mean_reward": -13.027567412765487,
    "std_reward": 4.9855654281262884,
    "mean_episode_length": 256.0,
    "num_episodes_in_rollout": 8,
    "rollout_time": 1074.1992409229279,
    "steps_per_second": 1.9065364431280034,
    "invalid_actions": 190,
    "update_iter": 1,
    "timestamp": 1748862572.8693695
  },
  "source": "outputs/momentum_training_20250602_134620/models/checkpoint_iter1_mean_reward-13.0276.pt"
}