{
  "version": 37,
  "timestamp": "20250603_100038",
  "reward": -20.600609730464953,
  "metrics": {
    "actor_loss": 0.04190608605495072,
    "critic_loss": 1.4161322235595435,
    "entropy": 2.3623389210551977,
    "clipfrac": 0.6319580078125,
    "approx_kl": 0.05993708749883808,
    "value_function_explained_variance": 0.23947126953862607,
    "gradient_norm": 6.415459821932018,
    "global_step_counter": 2048,
    "global_episode_counter": 8,
    "global_update_counter": 1,
    "collected_steps": 2048,
    "mean_reward": -20.600609730464953,
    "std_reward": 7.617109536832938,
    "mean_episode_length": 256.0,
    "num_episodes_in_rollout": 8,
    "rollout_time": 133.600111246109,
    "steps_per_second": 15.329328552932969,
    "invalid_actions": 0,
    "update_iter": 1,
    "timestamp": 1748934038.213105
  },
  "source": "outputs/momentum_training_20250603_095518/models/checkpoint_iter1_mean_reward-20.6006.pt"
}