{
  "version": 8,
  "timestamp": "20250601_215416",
  "reward": 0.9720865140746843,
  "metrics": {
    "actor_loss": -0.007402333943173289,
    "critic_loss": 0.057538279762957244,
    "entropy": 2.024183440208435,
    "clipfrac": 0.350927734375,
    "approx_kl": 0.03677939139306545,
    "value_function_explained_variance": 0.9717321678996086,
    "gradient_norm": 1.3883718986064195,
    "global_step_counter": 24576,
    "global_episode_counter": 96,
    "global_update_counter": 12,
    "collected_steps": 2048,
    "mean_reward": 0.9720865140746843,
    "std_reward": 1.3768316400214586,
    "mean_episode_length": 256.0,
    "num_episodes_in_rollout": 8,
    "rollout_time": 94.73197913169861,
    "steps_per_second": 21.61888750527235,
    "invalid_actions": 1051,
    "update_iter": 12,
    "timestamp": 1748804056.867641
  },
  "source": "outputs/momentum_training_20250601_212240/models/checkpoint_iter12_mean_reward0.9721.pt"
}