{
  "version": 11,
  "timestamp": "20250601_234343",
  "reward": -0.10783364441146925,
  "metrics": {
    "actor_loss": -0.002002650871872902,
    "critic_loss": 0.004604428813036065,
    "entropy": 1.822405967861414,
    "clipfrac": 0.42177734375,
    "approx_kl": 0.05848007018212229,
    "value_function_explained_variance": 0.7609721187502145,
    "gradient_norm": 1.2782332707196473,
    "global_step_counter": 36864,
    "global_episode_counter": 144,
    "global_update_counter": 18,
    "collected_steps": 2048,
    "mean_reward": -0.10783364441146925,
    "std_reward": 0.14711687146696248,
    "mean_episode_length": 256.0,
    "num_episodes_in_rollout": 8,
    "rollout_time": 104.46697902679443,
    "steps_per_second": 19.604280884533996,
    "invalid_actions": 1089,
    "update_iter": 18,
    "timestamp": 1748810623.049859
  },
  "source": "outputs/momentum_training_20250601_230324/models/checkpoint_iter18_mean_reward-0.1078.pt"
}