{
  "version": 3,
  "timestamp": "20250601_201608",
  "reward": -17.897187004810903,
  "metrics": {
    "actor_loss": 0.005643219541525468,
    "critic_loss": 0.935834741871804,
    "entropy": 2.3848774254322054,
    "clipfrac": 0.342724609375,
    "approx_kl": 0.016835405852179974,
    "value_function_explained_variance": 0.7904308073222637,
    "gradient_norm": 3.511853252351284,
    "global_step_counter": 16384,
    "global_episode_counter": 64,
    "global_update_counter": 8,
    "collected_steps": 2048,
    "mean_reward": -17.897187004810903,
    "std_reward": 9.556141831647787,
    "mean_episode_length": 256.0,
    "num_episodes_in_rollout": 8,
    "rollout_time": 372.0255811214447,
    "steps_per_second": 5.504997784900838,
    "invalid_actions": 343,
    "update_iter": 8,
    "timestamp": 1748798168.812136
  },
  "source": "outputs/momentum_training_20250601_185716/models/checkpoint_iter8_mean_reward-17.8972.pt"
}