{
  "version": 29,
  "timestamp": "20250602_234733",
  "reward": -3.498242687583544,
  "metrics": {
    "actor_loss": 0.010039925244200276,
    "critic_loss": 0.34114975699048955,
    "entropy": 2.084880738519132,
    "clipfrac": 0.5794677734375,
    "approx_kl": 0.0611654460481077,
    "value_function_explained_variance": 0.7977902416605502,
    "gradient_norm": 2.3197531127370894,
    "global_step_counter": 2048,
    "global_episode_counter": 8,
    "global_update_counter": 1,
    "collected_steps": 2048,
    "mean_reward": -3.498242687583544,
    "std_reward": 4.64325369175032,
    "mean_episode_length": 256.0,
    "num_episodes_in_rollout": 8,
    "rollout_time": 130.506520986557,
    "steps_per_second": 15.692702437535338,
    "invalid_actions": 0,
    "update_iter": 1,
    "timestamp": 1748897253.748599
  },
  "source": "outputs/momentum_training_20250602_234220/models/checkpoint_iter1_mean_reward-3.4982.pt"
}