{
  "version": 10,
  "timestamp": "20250601_233506",
  "reward": -0.1820440009738779,
  "metrics": {
    "actor_loss": -0.014685283094877377,
    "critic_loss": 0.008699499859358185,
    "entropy": 1.7521134555339812,
    "clipfrac": 0.456591796875,
    "approx_kl": 0.09687544431653805,
    "value_function_explained_variance": 0.442115131765604,
    "gradient_norm": 1.038444214873016,
    "global_step_counter": 28672,
    "global_episode_counter": 112,
    "global_update_counter": 14,
    "collected_steps": 2048,
    "mean_reward": -0.1820440009738779,
    "std_reward": 0.2571522656887744,
    "mean_episode_length": 256.0,
    "num_episodes_in_rollout": 8,
    "rollout_time": 98.12828183174133,
    "steps_per_second": 20.870639552332793,
    "invalid_actions": 1328,
    "update_iter": 14,
    "timestamp": 1748810106.456615
  },
  "source": "outputs/momentum_training_20250601_230324/models/checkpoint_iter14_mean_reward-0.1820.pt"
}