{
  "version": 39,
  "timestamp": "20250603_110327",
  "reward": -22.424239883034666,
  "metrics": {
    "actor_loss": -0.003607638838730054,
    "critic_loss": 1.813214477384463,
    "entropy": 2.3689602222293615,
    "clipfrac": 0.36651611328125,
    "approx_kl": 0.017587427224498242,
    "value_function_explained_variance": 0.6417677495628595,
    "gradient_norm": 10.340044314041734,
    "global_step_counter": 2048,
    "global_episode_counter": 8,
    "global_update_counter": 1,
    "collected_steps": 2048,
    "mean_reward": -22.424239883034666,
    "std_reward": 10.18848573250322,
    "mean_episode_length": 256.0,
    "num_episodes_in_rollout": 8,
    "rollout_time": 133.1790931224823,
    "steps_per_second": 15.37778905069201,
    "invalid_actions": 0,
    "update_iter": 1,
    "timestamp": 1748937807.959154
  },
  "source": "outputs/momentum_training_20250603_105812/models/checkpoint_iter1_mean_reward-22.4242.pt"
}