{
  "version": 40,
  "timestamp": "20250603_112128",
  "reward": -10.019398965845715,
  "metrics": {
    "actor_loss": 0.013299969876243267,
    "critic_loss": 1.087418380076997,
    "entropy": 2.35267866961658,
    "clipfrac": 0.45379638671875,
    "approx_kl": 0.019656961390865035,
    "value_function_explained_variance": 0.7235069097951055,
    "gradient_norm": 7.62226000521332,
    "global_step_counter": 20480,
    "global_episode_counter": 80,
    "global_update_counter": 10,
    "collected_steps": 2048,
    "mean_reward": -10.019398965845715,
    "std_reward": 5.312295052180484,
    "mean_episode_length": 256.0,
    "num_episodes_in_rollout": 8,
    "rollout_time": 39.772849798202515,
    "steps_per_second": 51.49241279895807,
    "invalid_actions": 0,
    "update_iter": 10,
    "timestamp": 1748938888.965149
  },
  "source": "outputs/momentum_training_20250603_105812/models/checkpoint_iter10_mean_reward-10.0194.pt"
}