{
  "version": 18,
  "timestamp": "20250602_005128",
  "reward": -2.568617983866204,
  "metrics": {
    "actor_loss": -0.009325918764807284,
    "critic_loss": 0.007079354787128978,
    "entropy": 1.7804020829498768,
    "clipfrac": 0.38525390625,
    "approx_kl": 0.04951689674926456,
    "value_function_explained_variance": 0.4438189849257469,
    "gradient_norm": 1.079697828553617,
    "global_step_counter": 8192,
    "global_episode_counter": 32,
    "global_update_counter": 4,
    "collected_steps": 2048,
    "mean_reward": -2.568617983866204,
    "std_reward": 0.022801042112771782,
    "mean_episode_length": 256.0,
    "num_episodes_in_rollout": 8,
    "rollout_time": 106.21011304855347,
    "steps_per_second": 19.28253290780103,
    "invalid_actions": 1237,
    "update_iter": 4,
    "timestamp": 1748814688.559804
  },
  "source": "outputs/momentum_training_20250602_004003/models/checkpoint_iter4_mean_reward-2.5686.pt"
}