{
  "version": 27,
  "timestamp": "20250602_223639",
  "reward": -0.9780992553531216,
  "metrics": {
    "actor_loss": -0.004495571018196642,
    "critic_loss": 0.3932019778527319,
    "entropy": 2.11517825871706,
    "clipfrac": 0.5083984375,
    "approx_kl": 0.09754262479837053,
    "value_function_explained_variance": 0.7809744430705905,
    "gradient_norm": 2.488287543132901,
    "global_step_counter": 2048,
    "global_episode_counter": 8,
    "global_update_counter": 1,
    "collected_steps": 2048,
    "mean_reward": -0.9780992553531216,
    "std_reward": 3.4073494860272997,
    "mean_episode_length": 256.0,
    "num_episodes_in_rollout": 8,
    "rollout_time": 176.77935314178467,
    "steps_per_second": 11.585063321039621,
    "invalid_actions": 0,
    "update_iter": 1,
    "timestamp": 1748892999.078274
  },
  "source": "outputs/momentum_training_20250602_223006/models/checkpoint_iter1_mean_reward-0.9781.pt"
}