{
  "version": 11,
  "timestamp": "20250602_155213",
  "reward": -0.4461967148760875,
  "metrics": {
    "actor_loss": 0.0010065544847748242,
    "critic_loss": 0.4330897172447294,
    "entropy": 2.2577568873763085,
    "clipfrac": 0.4763671875,
    "approx_kl": 0.06501994080026634,
    "value_function_explained_variance": 0.8278064033016562,
    "gradient_norm": 4.4197470638900995,
    "global_step_counter": 4096,
    "global_episode_counter": 16,
    "global_update_counter": 2,
    "collected_steps": 2048,
    "mean_reward": -0.4461967148760875,
    "std_reward": 5.356029701817274,
    "mean_episode_length": 256.0,
    "num_episodes_in_rollout": 8,
    "rollout_time": 170.39449644088745,
    "steps_per_second": 12.019167536379227,
    "invalid_actions": 273,
    "update_iter": 2,
    "timestamp": 1748868733.1983144
  },
  "source": "outputs/momentum_training_20250602_153213/models/checkpoint_iter2_mean_reward-0.4462.pt"
}