{
  "version": 50,
  "timestamp": "20250603_145445",
  "reward": -4.105910401712108,
  "metrics": {
    "actor_loss": 0.011975705961958738,
    "critic_loss": 0.48228883536648937,
    "entropy": 2.082814214285463,
    "clipfrac": 0.49658203125,
    "approx_kl": 0.04325492976931855,
    "value_function_explained_variance": 0.8300246058497578,
    "gradient_norm": 4.968031956115738,
    "global_step_counter": 102400,
    "global_episode_counter": 400,
    "global_update_counter": 50,
    "collected_steps": 2048,
    "mean_reward": -4.105910401712108,
    "std_reward": 8.422857441347858,
    "mean_episode_length": 256.0,
    "num_episodes_in_rollout": 8,
    "rollout_time": 66.43539190292358,
    "steps_per_second": 30.826942407332663,
    "invalid_actions": 0,
    "update_iter": 50,
    "timestamp": 1748951685.0535061,
    "is_periodic_sync": true
  },
  "source": "outputs/momentum_training_20250603_112417/models/latest_checkpoint_iter50.pt"
}