{
  "version": 56,
  "timestamp": "20250603_171202",
  "reward": 1.852278460999149,
  "metrics": {
    "actor_loss": -0.004007896870461991,
    "critic_loss": 0.19995833749999292,
    "entropy": 2.1184775242581964,
    "clipfrac": 0.4833984375,
    "approx_kl": 0.046327328542247415,
    "value_function_explained_variance": 0.8724599415436387,
    "gradient_norm": 2.185624146135524,
    "global_step_counter": 14336,
    "global_episode_counter": 56,
    "global_update_counter": 7,
    "collected_steps": 2048,
    "mean_reward": 1.852278460999149,
    "std_reward": 3.30297535271894,
    "mean_episode_length": 256.0,
    "num_episodes_in_rollout": 8,
    "rollout_time": 49.582618713378906,
    "steps_per_second": 41.30479698619442,
    "invalid_actions": 0,
    "update_iter": 7,
    "timestamp": 1748959922.571688
  },
  "source": "outputs/momentum_training_20250603_165153/models/checkpoint_iter7_mean_reward1.8523.pt"
}