{
  "version": 59,
  "timestamp": "20250603_191155",
  "reward": 0.12149664659279036,
  "metrics": {
    "actor_loss": -0.005809845795738511,
    "critic_loss": 0.21280194114660844,
    "entropy": 2.0780386477708817,
    "clipfrac": 0.39044189453125,
    "approx_kl": 0.02899735971732298,
    "value_function_explained_variance": 0.8786808424629271,
    "gradient_norm": 2.3466188414022326,
    "global_step_counter": 4096,
    "global_episode_counter": 16,
    "global_update_counter": 2,
    "collected_steps": 2048,
    "mean_reward": 0.12149664659279036,
    "std_reward": 3.694445404107467,
    "mean_episode_length": 256.0,
    "num_episodes_in_rollout": 8,
    "rollout_time": 67.743567943573,
    "steps_per_second": 30.231652423531656,
    "invalid_actions": 0,
    "update_iter": 2,
    "timestamp": 1748967115.5394611
  },
  "source": "outputs/momentum_training_20250603_190327/models/checkpoint_iter2_mean_reward0.1215.pt"
}