{
  "version": 13,
  "timestamp": "20250601_234759",
  "reward": -0.027996203696616373,
  "metrics": {
    "actor_loss": -0.009686385368695483,
    "critic_loss": 0.0014620194720919243,
    "entropy": 1.822496474534273,
    "clipfrac": 0.400439453125,
    "approx_kl": 0.04973765845643356,
    "value_function_explained_variance": 0.8017645366489887,
    "gradient_norm": 1.158955830335617,
    "global_step_counter": 40960,
    "global_episode_counter": 160,
    "global_update_counter": 20,
    "collected_steps": 2048,
    "mean_reward": -0.027996203696616373,
    "std_reward": 0.05091686749761988,
    "mean_episode_length": 256.0,
    "num_episodes_in_rollout": 8,
    "rollout_time": 107.73398303985596,
    "steps_per_second": 19.00978634793765,
    "invalid_actions": 1274,
    "update_iter": 20,
    "timestamp": 1748810879.215986
  },
  "source": "outputs/momentum_training_20250601_230324/models/checkpoint_iter20_mean_reward-0.0280.pt"
}