{
  "version": 61,
  "timestamp": "20250603_192915",
  "reward": 2.308060067309718,
  "metrics": {
    "actor_loss": 0.0006775680849386845,
    "critic_loss": 0.24607069691410288,
    "entropy": 2.051100578159094,
    "clipfrac": 0.3873291015625,
    "approx_kl": 0.02474423476814991,
    "value_function_explained_variance": 0.9233991922810674,
    "gradient_norm": 2.2129187860991806,
    "global_step_counter": 18432,
    "global_episode_counter": 72,
    "global_update_counter": 9,
    "collected_steps": 2048,
    "mean_reward": 2.308060067309718,
    "std_reward": 4.363167415862155,
    "mean_episode_length": 256.0,
    "num_episodes_in_rollout": 8,
    "rollout_time": 51.369728088378906,
    "steps_per_second": 39.86783804805282,
    "invalid_actions": 0,
    "update_iter": 9,
    "timestamp": 1748968155.069083
  },
  "source": "outputs/momentum_training_20250603_190327/models/checkpoint_iter9_mean_reward2.3081.pt"
}