{
  "version": 60,
  "timestamp": "20250603_192414",
  "reward": 2.229116914658748,
  "metrics": {
    "actor_loss": 0.006562169503013138,
    "critic_loss": 0.24983666227490176,
    "entropy": 2.095552914775908,
    "clipfrac": 0.4239501953125,
    "approx_kl": 0.037966013747791294,
    "value_function_explained_variance": 0.9037744298111647,
    "gradient_norm": 2.418367206119001,
    "global_step_counter": 14336,
    "global_episode_counter": 56,
    "global_update_counter": 7,
    "collected_steps": 2048,
    "mean_reward": 2.229116914658748,
    "std_reward": 5.42891760731096,
    "mean_episode_length": 256.0,
    "num_episodes_in_rollout": 8,
    "rollout_time": 54.08841896057129,
    "steps_per_second": 37.86392797861083,
    "invalid_actions": 0,
    "update_iter": 7,
    "timestamp": 1748967854.940754
  },
  "source": "outputs/momentum_training_20250603_190327/models/checkpoint_iter7_mean_reward2.2291.pt"
}