{
  "version": 145,
  "timestamp": "20250606_002947",
  "reward": 0.051214557289542204,
  "metrics": {
    "mean_reward": 0.051214557289542204,
    "recent_reward": 0.051214557289542204,
    "update_iter": 294,
    "episode_count": 588,
    "global_steps": 75264,
    "timestamp": 1749158987.180139,
    "mode": "production",
    "recent_episodes_count": 10,
    "training_active": true
  },
  "source": "outputs/momentum_training_20250605_223906/models/checkpoint_iter294.pt"
}