{
  "version": 7,
  "timestamp": "20250602_131550",
  "reward": -16.09754637843652,
  "metrics": {
    "actor_loss": 0.024947390591842124,
    "critic_loss": 0.5846092182211577,
    "entropy": 2.3409855224192144,
    "clipfrac": 0.46572265625,
    "approx_kl": 0.06857201211096253,
    "value_function_explained_variance": 0.5680729934945703,
    "gradient_norm": 3.2629048133268954,
    "global_step_counter": 2048,
    "global_episode_counter": 8,
    "global_update_counter": 1,
    "collected_steps": 2048,
    "mean_reward": -16.09754637843652,
    "std_reward": 1.684063805322752,
    "mean_episode_length": 256.0,
    "num_episodes_in_rollout": 8,
    "rollout_time": 259.1339764595032,
    "steps_per_second": 7.903247686704088,
    "invalid_actions": 155,
    "update_iter": 1,
    "timestamp": 1748859350.6670876
  },
  "source": "outputs/momentum_training_20250602_130619/models/checkpoint_iter1_mean_reward-16.0975.pt"
}