{
  "version": 15,
  "timestamp": "20250602_002900",
  "reward": -2.9926997711485868,
  "metrics": {
    "actor_loss": -0.01659433026507031,
    "critic_loss": 0.0070431527274195105,
    "entropy": 1.7837785758078097,
    "clipfrac": 0.392041015625,
    "approx_kl": 0.07104869437171146,
    "value_function_explained_variance": 0.38643014840781686,
    "gradient_norm": 1.107312394119799,
    "global_step_counter": 2048,
    "global_episode_counter": 8,
    "global_update_counter": 1,
    "collected_steps": 2048,
    "mean_reward": -2.9926997711485868,
    "std_reward": 0.6661724879994738,
    "mean_episode_length": 256.0,
    "num_episodes_in_rollout": 8,
    "rollout_time": 176.14883184432983,
    "steps_per_second": 11.626531828549986,
    "invalid_actions": 1096,
    "update_iter": 1,
    "timestamp": 1748813340.0197918
  },
  "source": "outputs/momentum_training_20250602_002353/models/checkpoint_iter1_mean_reward-2.9927.pt"
}