{
  "version": 6,
  "timestamp": "20250601_214825",
  "reward": -2.577933079637023,
  "metrics": {
    "actor_loss": 0.047374744794797155,
    "critic_loss": 1.168642294034362,
    "entropy": 2.1405938625335694,
    "clipfrac": 0.36357421875,
    "approx_kl": 0.06951146289939061,
    "value_function_explained_variance": 0.9271125502884388,
    "gradient_norm": 12.788745787739753,
    "global_step_counter": 18432,
    "global_episode_counter": 72,
    "global_update_counter": 9,
    "collected_steps": 2048,
    "mean_reward": -2.577933079637023,
    "std_reward": 3.082220532081556,
    "mean_episode_length": 256.0,
    "num_episodes_in_rollout": 8,
    "rollout_time": 115.1800708770752,
    "steps_per_second": 17.780853791848312,
    "invalid_actions": 849,
    "update_iter": 9,
    "timestamp": 1748803705.347658
  },
  "source": "outputs/momentum_training_20250601_212240/models/checkpoint_iter9_mean_reward-2.5779.pt"
}