{
  "version": 24,
  "timestamp": "20250602_212207",
  "reward": -0.4695980304073793,
  "metrics": {
    "actor_loss": -0.012334505797480234,
    "critic_loss": 0.14117507268674673,
    "entropy": 2.100116787850857,
    "clipfrac": 0.45615234375,
    "approx_kl": 0.08168815041135531,
    "value_function_explained_variance": 0.6609598586335779,
    "gradient_norm": 1.5755276799201965,
    "global_step_counter": 10240,
    "global_episode_counter": 40,
    "global_update_counter": 5,
    "collected_steps": 2048,
    "mean_reward": -0.4695980304073793,
    "std_reward": 3.81223537257313,
    "mean_episode_length": 256.0,
    "num_episodes_in_rollout": 8,
    "rollout_time": 257.99484181404114,
    "steps_per_second": 7.9381432031736825,
    "invalid_actions": 568,
    "update_iter": 5,
    "timestamp": 1748888527.071146
  },
  "source": "outputs/momentum_training_20250602_203317/models/checkpoint_iter5_mean_reward-0.4696.pt"
}