{
  "version": 1,
  "timestamp": "20250601_191119",
  "reward": -24.73491927565111,
  "metrics": {
    "actor_loss": 0.02475577107979916,
    "critic_loss": 5.779676879942417,
    "entropy": 2.3142422646284104,
    "clipfrac": 0.547119140625,
    "approx_kl": 0.07274150184821337,
    "value_function_explained_variance": 0.3344564899802208,
    "gradient_norm": 17.410266211628915,
    "global_step_counter": 2048,
    "global_episode_counter": 8,
    "global_update_counter": 1,
    "collected_steps": 2048,
    "mean_reward": -24.73491927565111,
    "std_reward": 19.20483201449943,
    "mean_episode_length": 256.0,
    "num_episodes_in_rollout": 8,
    "rollout_time": 718.9137840270996,
    "steps_per_second": 2.848742151705357,
    "invalid_actions": 364,
    "update_iter": 1,
    "timestamp": 1748794279.63835
  },
  "source": "outputs/momentum_training_20250601_185716/models/checkpoint_iter1_mean_reward-24.7349.pt"
}