{
  "version": 22,
  "timestamp": "20250602_204333",
  "reward": -1.1742506828564867,
  "metrics": {
    "actor_loss": -0.016841300117084755,
    "critic_loss": 0.10007031795103102,
    "entropy": 2.045107466727495,
    "clipfrac": 0.48212890625,
    "approx_kl": 0.07770830081426539,
    "value_function_explained_variance": 0.6269768992438912,
    "gradient_norm": 1.5441371269524098,
    "global_step_counter": 4096,
    "global_episode_counter": 16,
    "global_update_counter": 2,
    "collected_steps": 2048,
    "mean_reward": -1.1742506828564867,
    "std_reward": 1.7320784321086242,
    "mean_episode_length": 256.0,
    "num_episodes_in_rollout": 8,
    "rollout_time": 152.8689250946045,
    "steps_per_second": 13.397098192013676,
    "invalid_actions": 505,
    "update_iter": 2,
    "timestamp": 1748886213.466048
  },
  "source": "outputs/momentum_training_20250602_203317/models/checkpoint_iter2_mean_reward-1.1743.pt"
}