{
  "version": 12,
  "timestamp": "20250602_172851",
  "reward": -4.180877954817987,
  "metrics": {
    "actor_loss": 0.01041739932843484,
    "critic_loss": 0.22458341531455517,
    "entropy": 2.2070645928382873,
    "clipfrac": 0.566455078125,
    "approx_kl": 0.1040990233537741,
    "value_function_explained_variance": 0.8486683094874025,
    "gradient_norm": 2.583966437727213,
    "global_step_counter": 2048,
    "global_episode_counter": 8,
    "global_update_counter": 1,
    "collected_steps": 2048,
    "mean_reward": -4.180877954817987,
    "std_reward": 6.586381905720971,
    "mean_episode_length": 256.0,
    "num_episodes_in_rollout": 8,
    "rollout_time": 274.2783091068268,
    "steps_per_second": 7.466868257534498,
    "invalid_actions": 254,
    "update_iter": 1,
    "timestamp": 1748874531.9100664
  },
  "source": "outputs/momentum_training_20250602_171837/models/checkpoint_iter1_mean_reward-4.1809.pt"
}