{
  "version": 504,
  "timestamp": "20250607_193642",
  "reward": -4.556975317006545,
  "metrics": {
    "policy_loss": -0.0015094733971636742,
    "value_loss": 0.11864441685611382,
    "entropy": 1.5090858461335301,
    "clip_fraction": 0.2740478515625,
    "kl_divergence": 0.01834564212913392,
    "explained_variance": 0.1297258627600968,
    "gradient_norm": 1.4512227786472067,
    "total_loss": 0.11713494345895015,
    "mean_episode_reward": -4.157580253605233,
    "global_step_counter": 4096,
    "global_episode_counter": 16,
    "global_update_counter": 2,
    "update_time": 32.649669885635376,
    "learning_rate": 0.00015,
    "total_steps": 4096,
    "steps_per_second": 15.344376247570702,
    "episodes_per_hour": 3.292718935701791e-05,
    "updates_per_second": 1.1433051860075664e-09,
    "updates_per_hour": 4.115898669627239e-06,
    "batch_data": {
      "states": {
        "hf": 